Time,CTE
1733242335.5552282,-0.08490802675585286
1733242335.6563368,-0.08172240802675589
1733242335.7511518,-0.07909698996655522
1733242335.8488371,-0.07616220735785958
1733242335.9468882,-0.06805183946488298
1733242336.0572639,-0.05813545150501667
1733242336.159999,-0.04464882943143806
1733242336.2707107,-0.03170568561872912
1733242336.3720758,-0.017366220735786017
1733242336.4722123,-0.00658862876254176
1733242336.5694995,-0.0008193979933110995
1733242336.6607218,0.004071906354514994
1733242336.7509112,0.009230769230769199
1733242336.8353198,0.008336120401337722
1733242336.920342,0.005677257525083661
1733242337.0040214,0.0038963210702341656
1733242337.0970972,0.0007943143812708797
1733242337.1785161,-0.002575250836120375
1733242337.2719293,-0.007784280936454877
1733242337.3603797,-0.01258361204013383
1733242337.4490082,-0.01202341137123753
1733242337.5298026,-0.01044314381270908
1733242337.614049,-0.006789297658862808
1733242337.702892,-0.006663879598662277
1733242337.7851617,-0.008369565217391255
1733242337.872272,-0.00823578595317727
1733242337.960001,-0.008804347826087024
1733242338.0434713,-0.010994983277591928
1733242338.1284888,-0.013102006688963143
1733242338.2254195,-0.017516722408026767
1733242338.3100317,-0.023336120401337722
1733242338.3930836,-0.03131270903010033
1733242338.4839208,-0.042056856187290916
1733242338.5645158,-0.039356187290969874
1733242338.6513772,-0.03492474916387962
1733242338.7374845,-0.03209030100334445
1733242338.8268044,-0.02717391304347828
1733242338.9210858,-0.02294314381270908
1733242339.0016024,-0.019949832775919704
1733242339.0886056,-0.015367892976588565
1733242339.1675518,-0.011262541806020038
1733242339.2548718,-0.0054933110367892364
1733242339.3390763,-0.0009949832775919276
1733242339.4209318,0.005376254180602018
1733242339.5063422,0.012240802675585343
1733242339.5869117,0.019724080267558577
1733242339.6690178,0.02964882943143806
1733242339.7603543,0.04063545150501668
1733242339.8405936,0.04986622073578602
1733242339.9291155,0.05828595317725757
1733242340.0123808,0.0642809364548495
1733242340.111237,0.06619565217391297
1733242340.204201,0.06257525083612038
1733242340.3077102,0.05828595317725757
1733242340.4077861,0.026254180602006728
1733242340.507465,0.0027508361204013456
1733242340.6083965,-0.011270903010033494
1733242340.7039907,-0.019013377926421385
1733242340.786338,-0.024698996655518356
1733242340.869442,-0.03131270903010033
1733242340.9582157,-0.042140468227424746
1733242341.042628,-0.05292642140468232
1733242341.1256125,-0.05016722408026752
1733242341.2083998,-0.04438127090301009
1733242341.2961648,-0.03705685618729092
1733242341.3905878,-0.02773411371237458
1733242341.4910305,-0.016739130434782652
1733242341.5823371,-0.0072575250836121085
1733242341.67084,0.0008444816053511772
1733242341.7537055,0.012006688963210763
1733242341.8377366,0.024372909698996637
1733242341.9241018,0.031153846153846133
1733242342.0101924,0.039306020066889574
1733242342.0928214,0.04944816053511701
1733242342.1755817,0.0631103678929766
1733242342.2643354,0.08413043478260875
1733242342.347423,0.06557692307692306
1733242342.4428983,0.032692307692307736
1733242342.5432975,0.0024080267558528588
1733242342.6420143,-0.025944816053511774
1733242342.7425246,-0.04512541806020067
1733242342.838281,-0.059272575250836186
1733242342.918926,-0.07570234113712374
1733242343.0101967,-0.07802675585284277
1733242343.0963056,-0.07496655518394647
1733242343.1896765,-0.07002508361204007
1733242343.2914348,-0.06334448160535118
1733242343.3892636,-0.05581103678929764
1733242343.4887543,-0.04634615384615387
1733242343.5908325,-0.035309364548494954
1733242343.6861916,-0.024230769230769198
1733242343.7897475,-0.01176421404682273
1733242343.8907466,-0.002215719063545123
1733242343.9785051,0.0062959866220735706
1733242344.0676856,0.016371237458193945
1733242344.151067,0.025827759197324412
1733242344.2350829,0.039331103678929794
1733242344.3175514,0.05272575250836127
1733242344.4012125,0.06878762541806026
1733242344.4851346,0.0798996655518394
1733242344.5704439,0.06196488294314378
1733242344.6577263,0.03790969899665555
1733242344.759207,0.014314381270903027
1733242344.85194,-0.009214046822742432
1733242344.942147,-0.027399665551839404
1733242345.0200222,-0.044949832775919706
1733242345.1138625,-0.06522575250836127
1733242345.1955614,-0.07612876254180606
1733242345.2791555,-0.07634615384615387
1733242345.37278,-0.07532608695652172
1733242345.4687767,-0.07231605351170572
1733242345.5699937,-0.06719899665551836
1733242345.6750505,-0.059080267558528445
1733242345.7701685,-0.050025083612040076
1733242345.8680518,-0.04122073578595319
1733242345.9590504,-0.029314381270903026
1733242346.0563586,-0.01558528428093652
1733242346.150259,-0.006814381270903027
1733242346.2317216,0.004372909698996636
1733242346.308804,0.017165551839464825
1733242346.3859174,0.029623745819397983
1733242346.4632654,0.04185618729096987
1733242346.5465915,0.06040969899665555
1733242346.6210926,0.050894648829431476
1733242346.7071888,0.0319397993311037
1733242346.7923973,0.012951505016722393
1733242346.8688664,-0.003453177257525084
1733242346.9523473,-0.02482441471571903
1733242347.0320282,-0.04255852842809361
1733242347.106931,-0.06544314381270908
1733242347.1959395,-0.07142140468227424
1733242347.2701368,-0.06981605351170572
1733242347.362015,-0.07
1733242347.4505157,-0.06924749163879597
1733242347.5452464,-0.06778428093645487
1733242347.6429477,-0.06290969899665555
1733242347.7416322,-0.05292642140468232
1733242347.8417706,-0.041747491638795965
1733242347.9336333,-0.026897993311036858
1733242348.0280354,-0.010125418060200673
1733242348.1186056,0.00941471571906348
1733242348.2183135,0.02335284280936449
1733242348.312521,0.03905518394648823
1733242348.394194,0.05484949832775925
1733242348.4727314,0.03787625418060202
1733242348.5550501,0.015727424749163818
1733242348.6421666,0.004531772575250841
1733242348.720427,-0.008152173913043442
1733242348.8004742,-0.0308193979933111
1733242348.8750448,-0.05866220735785958
1733242348.9511893,-0.0773411371237458
1733242349.0290592,-0.07474080267558535
1733242349.1041503,-0.07295150501672239
1733242349.1929474,-0.07042642140468232
1733242349.285228,-0.06926421404682273
1733242349.3692136,-0.06327759197324412
1733242349.4655051,-0.055075250836120374
1733242349.5557778,-0.04463210702341144
1733242349.6458752,-0.03442307692307693
1733242349.7407937,-0.021270903010033492
1733242349.8342333,-0.008219063545150505
1733242349.9227376,0.007541806020066844
1733242350.0052316,0.024623745819397982
1733242350.083541,0.035376254180602015
1733242350.16425,0.052491638795986686
1733242350.2465425,0.0509615384615384
1733242350.3278108,0.03109531772575252
1733242350.4039266,0.010008361204013312
1733242350.4961674,-0.005100334448160595
1733242350.5802877,-0.026095317725752524
1733242350.6600037,-0.048821070234113646
1733242350.7380078,-0.07250836120401331
1733242350.8144603,-0.06865384615384613
1733242350.8895693,-0.06512541806020067
1733242350.9680324,-0.06379598662207357
1733242351.05292,-0.06374581939799327
1733242351.1396592,-0.0611705685618729
1733242351.2386992,-0.05887123745819395
1733242351.3280702,-0.05152173913043484
1733242351.425978,-0.042040133779264154
1733242351.5199227,-0.02790969899665555
1733242351.6148028,-0.018302675585284332
1733242351.7080283,-0.010016722408026766
1733242351.7943711,-0.003678929765886352
1733242351.872046,0.007123745819397982
1733242351.949498,0.024247491638795964
1733242352.0275304,0.005091973244147141
1733242352.1076028,-0.009573578595317685
1733242352.1891325,-0.02285117056856194
1733242352.2720056,-0.03773411371237458
1733242352.3498793,-0.055526755852842766
1733242352.4290771,-0.06991638795986617
1733242352.5062246,-0.06507525083612037
1733242352.587759,-0.06126254180602004
1733242352.6733243,-0.060660535117056893
1733242352.7682245,-0.062299331103678954
1733242352.8664901,-0.061596989966555216
1733242352.971863,-0.05970735785953181
1733242353.0668795,-0.05386287625418063
1733242353.1656694,-0.046162207357859586
1733242353.2580955,-0.03530100334448164
1733242353.360529,-0.02626254180602004
1733242353.457682,-0.020710702341137192
1733242353.547497,-0.016772575250836183
1733242353.6301363,-0.01238294314381264
1733242353.7129877,-0.005551839464882988
1733242353.7953181,-0.0005936454849498319
1733242353.8771553,-0.012031772575250841
1733242353.9634662,-0.022483277591973234
1733242354.043072,-0.03319397993311043
1733242354.1236515,-0.046856187290969874
1733242354.2148309,-0.06304347826086953
1733242354.2967637,-0.07005016722408029
1733242354.3916636,-0.06829431438127088
1733242354.4858258,-0.07
1733242354.5862706,-0.06984113712374579
1733242354.6807067,-0.06765886287625421
1733242354.7839782,-0.06239966555183941
1733242354.8816953,-0.05222408026755858
1733242354.9833887,-0.041780936454849496
1733242355.0889432,-0.028352842809364488
1733242355.19866,-0.011596989966555213
1733242355.2975926,0.006137123745819366
1733242355.4031053,0.01696488294314378
1733242355.4866295,0.029799331103678953
1733242355.5735774,0.04916387959866228
1733242355.6610239,0.03585284280936449
1733242355.747839,0.01586120401337794
1733242355.836714,-0.004397993311036856
1733242355.9252417,-0.025785953177257567
1733242356.0079982,-0.0482692307692308
1733242356.09349,-0.0773411371237458
1733242356.1833243,-0.07311872909698991
1733242356.2694013,-0.06956521739130438
1733242356.3577347,-0.06761705685618737
1733242356.4616075,-0.06688963210702341
1733242356.5696583,-0.06537625418060201
1733242356.6774065,-0.05788461538461533
1733242356.7791078,-0.049272575250836184
1733242356.8922594,-0.037006688963210764
1733242356.994811,-0.024397993311036856
1733242357.101138,-0.009573578595317685
1733242357.1985016,0.0010117056856186934
1733242357.289196,0.00864548494983282
1733242357.3794158,0.0217307692307692
1733242357.4675682,0.040844481605351174
1733242357.5549,0.0205602006688963
1733242357.6438699,0.0014882943143813066
1733242357.7326946,-0.01761705685618736
1733242357.81905,-0.03546822742474916
1733242357.9106758,-0.054782608695652185
1733242357.997704,-0.07288461538461533
1733242358.0885706,-0.06935618729096987
1733242358.186199,-0.0677424749163879
1733242358.2990618,-0.06761705685618737
1733242358.412462,-0.06615384615384613
1733242358.5240262,-0.06563545150501668
1733242358.639447,-0.056780936454849495
1733242358.7468534,-0.04903846153846161
1733242358.857908,-0.03790969899665555
1733242358.9747748,-0.021956521739130465
1733242359.0844674,-0.004130434782608745
1733242359.1922612,0.004933110367892937
1733242359.2849224,0.01688127090301009
1733242359.3792758,0.0323411371237458
1733242359.476353,0.03198160535117054
1733242359.5657067,0.01393812709030101
1733242359.6585019,-0.005250836120401345
1733242359.7511775,-0.02614548494983282
1733242359.851419,-0.05047658862876247
1733242359.9361174,-0.08120401337792643
1733242360.029734,-0.07911371237458198
1733242360.1265955,-0.07584448160535118
1733242360.2312572,-0.07475752508361211
1733242360.3433144,-0.07009197324414713
1733242360.454856,-0.06095317725752508
1733242360.5670316,-0.046521739130434836
1733242360.680331,-0.030493311036789237
1733242360.8008413,-0.010526755852842769
1733242360.9108713,0.008419732441471553
1733242361.0321455,0.026747491638795962
1733242361.135881,0.04424749163879596
1733242361.2280638,0.05964882943143806
1733242361.326649,0.07674749163879596
1733242361.423734,0.07018394648829428
1733242361.5204787,0.023754180602006725
1733242361.6216216,-0.01371237458193974
1733242361.7150643,-0.041371237458193946
1733242361.8210313,-0.059573578595317686
1733242361.9195702,-0.07836120401337794
1733242362.0205798,-0.07790969899665555
1733242362.134233,-0.07264214046822744
1733242362.2392333,-0.06206521739130437
1733242362.3520203,-0.04725752508361211
1733242362.4666548,-0.028720735785953196
1733242362.5859776,-0.007633779264213984
1733242362.6990018,0.0069397993311037
1733242362.7964356,0.01935618729096987
1733242362.9010212,0.030016722408026764
1733242362.9909108,0.04512541806020067
1733242363.0922902,0.06526755852842811
1733242363.1857893,0.08658862876254175
1733242363.2827048,0.10735785953177256
1733242363.3754976,0.10420568561872912
1733242363.4822602,0.06910535117056853
1733242363.5832436,0.00984949832775925
1733242363.692517,-0.033093645484949835
1733242363.8039396,-0.06015050167224075
1733242363.9090185,-0.07805183946488299
1733242364.0002227,-0.07896321070234108
1733242364.0922983,-0.07479933110367895
1733242364.20179,-0.06906354515050168
1733242364.3192334,-0.05649665551839462
1733242364.4308147,-0.040518394648829455
1733242364.541982,-0.020903010033444788
1733242364.6653104,-0.0018394648829431048
1733242364.775619,0.0158193979933111
1733242364.8876863,0.028695652173912976
1733242364.9856946,0.04675585284280942
1733242365.0815222,0.06596989966555185
1733242365.1796896,0.08288461538461533
1733242365.2809587,0.09417224080267558
1733242365.3784714,0.07785117056856194
1733242365.4855769,0.019523411371237528
1733242365.5960233,-0.024038461538461606
1733242365.703568,-0.053202341137123736
1733242365.8000035,-0.0681688963210702
1733242365.8952484,-0.07892976588628756
1733242365.9863868,-0.07536789297658857
1733242366.0906625,-0.06964046822742474
1733242366.1952095,-0.059105351170568525
1733242366.3021798,-0.04306856187290976
1733242366.414527,-0.024080267558528448
1733242366.5180545,-0.006981605351170543
1733242366.62701,0.008160535117056895
1733242366.7145324,0.021571906354514992
1733242366.8066764,0.036245819397993276
1733242366.8936083,0.05311872909698991
1733242366.9829965,0.06982441471571903
1733242367.0689003,0.09030100334448164
1733242367.1665726,0.11767558528428097
1733242367.2600543,0.09853678929765891
1733242367.3559263,0.05051839464882946
1733242367.4643896,-0.0004431438127090814
1733242367.56099,-0.04086120401337794
1733242367.660954,-0.0650083612040133
1733242367.7530265,-0.07813545150501668
1733242367.842812,-0.07455685618729092
1733242367.935734,-0.06707357859531768
1733242368.0355372,-0.05544314381270908
1733242368.1474135,-0.03883779264214041
1733242368.2479665,-0.02047658862876247
1733242368.3493514,-0.00441471571906348
1733242368.4532201,0.008403010033444786
1733242368.5450165,0.01947324414715723
1733242368.647701,0.03510869565217391
1733242368.7393906,0.05581103678929764
1733242368.8306558,0.07147157190635454
1733242368.915279,0.09294314381270909
1733242369.0051103,0.10815217391304344
1733242369.1053011,0.06454013377926415
1733242369.2056174,0.007625418060200673
1733242369.3022816,-0.03467391304347828
1733242369.4034011,-0.061137123745819366
1733242369.4923463,-0.07599498327759192
1733242369.5757048,-0.07777591973244143
1733242369.6600819,-0.07593645484949832
1733242369.7549546,-0.07091973244147155
1733242369.8554308,-0.06138795986622071
1733242369.963065,-0.0466806020066889
1733242370.0645747,-0.027993311036789238
1733242370.168887,-0.00961538461538467
1733242370.2659464,0.008311036789297645
1733242370.36336,0.02364548494983282
1733242370.4602256,0.03885451505016718
1733242370.5526383,0.05688127090301009
1733242370.6433847,0.07166387959866227
1733242370.7305164,0.09458193979933113
1733242370.8183675,0.10323578595317727
1733242370.9154367,0.06635451505016718
1733242371.0177116,0.01955685618729092
1733242371.1149075,-0.02393812709030101
1733242371.2122781,-0.05462374581939798
1733242371.3054113,-0.07405518394648823
1733242371.3919919,-0.07189799331103686
1733242371.477928,-0.06591973244147155
1733242371.576408,-0.055150501672240754
1733242371.6774848,-0.04040969899665555
1733242371.7953742,-0.023311036789297645
1733242371.896614,-0.00734949832775925
1733242372.0067825,0.00864548494983282
1733242372.1012266,0.021688963210702353
1733242372.1857977,0.03763377926421398
1733242372.2728822,0.055660535117056896
1733242372.359976,0.07268394648829428
1733242372.4459438,0.08778428093645488
1733242372.5352492,0.1022073578595318
1733242372.6379964,0.07352006688963214
1733242372.7335665,0.020066889632107062
1733242372.8371003,-0.022433110367892937
1733242372.9413235,-0.050426421404682314
1733242373.036526,-0.06623745819397996
1733242373.1244268,-0.07162207357859529
1733242373.2118766,-0.06927257525083619
1733242373.3006806,-0.06351170568561869
1733242373.3977823,-0.05233277591973248
1733242373.5046546,-0.0367307692307692
1733242373.6009781,-0.01961538461538467
1733242373.7038097,-0.00288461538461533
1733242373.7920585,0.010250836120401346
1733242373.8885589,0.026814381270903027
1733242373.9764125,0.04708193979933114
1733242374.0633385,0.06162207357859529
1733242374.1491008,0.07447324414715722
1733242374.235944,0.08375418060200673
1733242374.3284671,0.07707357859531769
1733242374.419775,0.03174749163879596
1733242374.5184786,-0.020685618729096973
1733242374.6199887,-0.06716555183946482
1733242374.7181122,-0.0824498327759197
1733242374.801179,-0.08332775919732441
1733242374.882174,-0.07527591973244142
1733242374.9799936,-0.059130434782608744
1733242375.0790021,-0.043444816053511776
1733242375.1802037,-0.03806856187290975
1733242375.2742026,-0.045309364548494956
1733242375.3738837,-0.035459866220735846
1733242375.4665408,-0.02708193979933114
1733242375.5600157,-0.02096989966555185
1733242375.654278,-0.012725752508361268
1733242375.737584,-0.005376254180602018
1733242375.8229558,0.0025501672240802976
1733242375.9088125,0.012374581939799328
1733242375.9961662,0.025033444816053532
1733242376.0852757,0.04025083612040135
1733242376.1716928,0.06022575250836127
1733242376.2537768,0.07454013377926415
1733242376.3461056,0.08974080267558535
1733242376.4300883,0.10123745819397996
1733242376.5280466,0.054021739130434836
1733242376.6209555,0.007474916387959923
1733242376.7157242,-0.03002508361204008
1733242376.8084671,-0.05503344481605353
1733242376.8977938,-0.0704515050167224
1733242376.980239,-0.07023411371237458
1733242377.072684,-0.06175585284280942
1733242377.1631787,-0.050367892976588564
1733242377.2698944,-0.03632107023411365
1733242377.3802593,-0.023035117056856222
1733242377.4794302,-0.010903010033444786
1733242377.5732465,-0.0030267558528427685
1733242377.6708272,0.014573578595317684
1733242377.7592146,0.02782608695652172
1733242377.84293,-0.000677257525083661
1733242377.9264607,-0.03287625418060202
1733242378.0127165,-0.031881270903010094
1733242378.0967526,-0.028043478260869534
1733242378.1840732,-0.023419732441471552
1733242378.2761598,-0.017081939799331137
1733242378.3633327,-0.010334448160535175
1733242378.4481127,-0.0021571906354515137
1733242378.538006,0.00838628762541802
1733242378.6165266,0.021897993311036857
1733242378.7020555,0.03762541806020067
1733242378.781329,0.05609531772575252
1733242378.872052,0.07217391304347828
1733242378.9645174,0.09216555183946483
1733242379.0498087,0.09768394648829429
1733242379.134552,0.04849498327759193
1733242379.227967,0.002984949832775925
1733242379.3262906,-0.03215719063545151
1733242379.4224644,-0.05449832775919731
1733242379.5128303,-0.07153010033444815
1733242379.6018498,-0.06850334448160539
1733242379.6861336,-0.06367056856187289
1733242379.785772,-0.056454849498327776
1733242379.884924,-0.04553511705685622
1733242379.985082,-0.031404682274247475
1733242380.0795207,-0.016897993311036856
1733242380.1784973,-0.0025668896321070635
1733242380.2695675,0.010209030100334502
1733242380.3547788,0.02400501672240807
1733242380.4370356,0.043336120401337726
1733242380.5233233,0.05860367892976583
1733242380.6084166,0.07482441471571903
1733242380.68851,0.08780936454849496
1733242380.7728624,0.06719063545150504
1733242380.8698804,0.024071906354514994
1733242380.962903,-0.008670568561872897
1733242381.058276,-0.031337792642140413
1733242381.1495018,-0.046906354515050167
1733242381.238777,-0.05273411371237458
1733242381.3204823,-0.04715719063545151
1733242381.400877,-0.04241638795986617
1733242381.4958968,-0.035827759197324414
1733242381.5928202,-0.02891304347826093
1733242381.693022,-0.020719063545150504
1733242381.7857924,-0.01164715719063551
1733242381.8739367,0.0003260869565217206
1733242381.9538965,0.01540969899665555
1733242382.0368066,0.020075250836120374
1733242382.1168115,0.02711538461538467
1733242382.196136,0.036170568561872896
1733242382.2739952,0.04896321070234109
1733242382.352935,0.0572909698996655
1733242382.4320083,0.04796822742474916
1733242382.513206,0.03258361204013383
1733242382.6078181,0.019933110367892935
1733242382.6890242,0.014364548494983325
1733242382.7725613,0.005091973244147141
1733242382.8475325,0.005551839464882988
1733242382.9283688,0.006479933110367852
1733242383.0062735,0.008436454849498318
1733242383.0839853,0.011170568561872898
1733242383.1633825,0.01532608695652172
1733242383.2464826,0.01170568561872912
1733242383.324221,0.007140468227424748
1733242383.4008543,0.003093645484949832
1733242383.484482,0.0001755852842809702
1733242383.5625076,-0.0012876254180602586
1733242383.6455765,-0.0002675585284281112
1733242383.7294352,8.361204013311863e-06
1733242383.8135753,4.180602006684353e-05
1733242383.8934138,2.5083612040077697e-05
1733242383.980879,-0.0006856187290969728
1733242384.0773144,-0.0015551839464882278
1733242384.1736078,-0.0009280936454850064
1733242384.2634284,-0.0009197324414715524
1733242384.3495367,-0.000769230769230802
1733242384.4311483,-0.0005602006688963002
1733242384.506486,-0.0007357859531772704
1733242384.5843692,-0.000861204013377943
1733242384.6633048,-0.000760869565217348
1733242384.7411807,-0.0007357859531772704
1733242384.8208365,-0.0008946488294314747
1733242384.8959377,-0.0009280936454850064
1733242384.975824,-0.0008779264214047089
1733242385.0570252,-0.0008193979933110995
1733242385.1416156,-0.0007943143812708797
1733242385.2182548,-0.0010284280936454593
1733242385.2964876,-0.001061872909698991
1733242385.3726723,-0.0007859531772575678
1733242385.457649,-0.0010284280936454593
1733242385.5389078,-0.0011120401337792885
1733242385.6171246,-0.0011622073578595859
1733242385.6963892,-0.0010033444816053816
1733242385.7778234,-0.0012458193979932731
1733242385.8544624,-0.0010451505016722251
1733242385.9374168,-0.0009531772575250841
1733242386.015658,-0.00211538461538467
1733242386.0979388,-0.001346153846153868
1733242386.1832125,-0.0012458193979932731
1733242386.2631981,-0.001254180602006727
1733242386.3402603,-0.001438127090301009
1733242386.4174762,-0.0012876254180602586
1733242386.5000422,-0.001638795986622057
1733242386.5843666,-0.0015133779264213843
1733242386.6629224,-0.0013545150501671798
1733242386.744322,-0.0019648829431437777
1733242386.826292,-0.0016053511705685253
1733242386.904378,-0.0028678929765885643
1733242386.9855092,-0.0016220735785952912
1733242387.0662923,-0.0028010033444816427
1733242387.1453514,-0.0015635451505016818
1733242387.218163,-0.0031438127090301295
1733242387.2931888,-0.0017642140468227296
1733242387.3717594,-0.0032274247491638165
1733242387.4492347,-0.0032190635451505045
1733242387.5296137,-0.0032441471571905823
1733242387.6054735,-0.0036204013377926004
1733242387.6907272,-0.0035200668896321475
1733242387.7686193,-0.002215719063545123
1733242387.847331,-0.0025250836120400775
1733242387.9343593,-0.002700668896321048
1733242388.0234137,-0.002516722408026766
1733242388.0986066,-0.002700668896321048
1733242388.1833808,-0.002918060200668862
1733242388.262799,-0.0030183946488294565
1733242388.3446748,-0.002876254180602018
1733242388.4253597,-0.003444816053511772
1733242388.5041075,-0.0029598662207358474
1733242388.5844214,-0.0034782608695651616
1733242388.6597373,-0.0033277591973244116
1733242388.7362757,-0.0030016722408026907
1733242388.821396,-0.0030100334448160027
1733242388.9028249,-0.0028010033444816427
1733242388.9761736,-0.003051839464882988
1733242389.0556986,-0.0027842809364548773
1733242389.1286354,-0.0026254180602006726
1733242389.2013824,-0.001346153846153868
1733242389.2787592,-0.0005183946488294567
1733242389.355627,0.00045986622073584726
1733242389.4368873,0.003846153846153868
1733242389.5134397,0.006647157190635511
1733242389.589046,0.008536789297658913
1733242389.6680572,0.010334448160535175
1733242389.749335,0.012031772575250841
1733242389.829962,0.014899665551839405
1733242389.9054492,0.017993311036789236
1733242389.9813545,0.02746655518394647
1733242390.0564077,0.031822742474916337
1733242390.1346366,0.011329431438127101
1733242390.2083926,-0.017533444816053533
1733242390.281131,-0.04679765886287626
1733242390.358526,-0.044899665551839406
1733242390.4327984,-0.040192307692307735
1733242390.5120952,-0.031036789297658914
1733242390.5958445,-0.01823578595317727
1733242390.6858294,-0.006003344481605381
1733242390.771505,0.004498327759197309
1733242390.8472052,0.013503344481605381
1733242390.9229078,0.02596989966555185
1733242390.9972148,0.04009197324414714
1733242391.0813625,0.059540133779264155
1733242391.1607032,0.08307692307692306
1733242391.2368112,0.1080602006688963
1733242391.3174276,0.08806856187290975
1733242391.4020035,0.058327759197324414
1733242391.4957302,0.02194816053511701
1733242391.5847733,-0.018988294314381305
1733242391.6735084,-0.05018394648829428
1733242391.7645164,-0.07366220735785958
1733242391.8501675,-0.07041806020066886
1733242391.9297097,-0.06835284280936449
1733242392.0207136,-0.06929765886287625
1733242392.1159642,-0.06803511705685622
1733242392.213878,-0.06343645484949832
1733242392.3094664,-0.05351170568561869
1733242392.4132183,-0.041680602006688904
1733242392.5127707,-0.028444816053511773
1733242392.6117296,-0.010627090301003363
1733242392.7007873,0.008494983277591928
1733242392.7850673,0.022667224080267515
1733242392.8698509,0.03833612040133772
1733242392.9436502,0.05846989966555185
1733242393.0237653,0.03643812709030101
1733242393.0975485,0.014205685618729121
1733242393.170344,-0.0018979933110368564
1733242393.2524135,-0.02787625418060202
1733242393.3245146,-0.06001672240802677
1733242393.4041061,-0.07654682274247492
1733242393.4783661,-0.07388795986622071
1733242393.563497,-0.07142140468227424
1733242393.657653,-0.06857859531772575
1733242393.7533517,-0.0657107023411372
1733242393.847032,-0.05665551839464882
1733242393.9388871,-0.04475752508361211
1733242394.0344691,-0.031011705685618694
1733242394.1308596,-0.016755852842809418
1733242394.2165637,0.0019648829431437777
1733242394.2986321,0.01737458193979933
1733242394.3757086,0.030785953177257568
1733242394.451721,0.05136287625418064
1733242394.5281339,0.03864548494983282
1733242394.5976574,0.013837792642140414
1733242394.6697598,0.002575250836120375
1733242394.7459388,-0.014046822742474915
1733242394.8199182,-0.04149665551839462
1733242394.8948278,-0.07617892976588635
1733242394.9712663,-0.07392976588628755
1733242395.0453937,-0.07095317725752509
1733242395.1335425,-0.06880434782608702
1733242395.2282155,-0.06676421404682273
1733242395.3176308,-0.06379598662207357
1733242395.4174185,-0.05587792642140471
1733242395.5076568,-0.04317725752508366
1733242395.599018,-0.030108695652173906
1733242395.6892936,-0.01426421404682273
1733242395.7718859,0.00482441471571903
1733242395.8543282,0.01747491638795992
1733242395.9312446,0.03176421404682273
1733242396.006528,0.04467391304347828
1733242396.0867782,0.02417224080267559
1733242396.1683822,0.007892976588628784
1733242396.2461736,-0.004724080267558577
1733242396.3251538,-0.02764214046822744
1733242396.396842,-0.05689799331103686
1733242396.472267,-0.07185618729096988
1733242396.5447664,-0.06617892976588635
1733242396.6208372,-0.06096989966555185
1733242396.697788,-0.05774247491638789
1733242396.7872481,-0.05729933110367895
1733242396.8762674,-0.05525919732441466
1733242396.9659534,-0.05091137123745824
1733242397.0561442,-0.04351170568561869
1733242397.1486738,-0.03629598662207357
1733242397.2363296,-0.03125418060200673
1733242397.3294406,-0.021170568561872896
1733242397.4162197,-0.010852842809364488
1733242397.5034466,0.0017474916387959637
1733242397.5812507,0.006287625418060259
1733242397.669998,-0.0058695652173912545
1733242397.7488132,-0.019331103678929793
1733242397.8306015,-0.032692307692307736
1733242397.9124525,-0.04844481605351177
1733242397.991142,-0.0667307692307692
1733242398.0723772,-0.059573578595317686
1733242398.1526499,-0.05416387959866228
1733242398.241511,-0.051287625418060256
1733242398.336003,-0.05070234113712374
1733242398.4352214,-0.050861204013377945
1733242398.5376387,-0.05025919732441466
1733242398.6318467,-0.04873745819397996
1733242398.7259417,-0.05091137123745824
1733242398.8235936,-0.04916387959866228
1733242398.9234285,-0.04458193979933114
1733242399.0237765,-0.03829431438127088
1733242399.1230397,-0.025367892976588563
1733242399.2145498,-0.009272575250836183
1733242399.304397,-0.009055183946488228
1733242399.3872325,-0.01893812709030101
1733242399.4723346,-0.03091137123745824
1733242399.5559404,-0.044891304347826094
1733242399.634265,-0.05981605351170572
1733242399.7114768,-0.07353678929765892
1733242399.7970748,-0.0713795986622074
1733242399.8798919,-0.07005016722408029
1733242399.9749048,-0.07000836120401331
1733242400.0699785,-0.06911371237458198
1733242400.1750243,-0.06050167224080269
1733242400.2734048,-0.05147157190635454
1733242400.376801,-0.04026755852842811
1733242400.4727466,-0.026187290969899663
1733242400.5771172,-0.006630434782608745
1733242400.6724527,0.012633779264213985
1733242400.7585206,0.025167224080267517
1733242400.8424652,0.042625418060200676
1733242400.9267704,0.057951505016722395
1733242401.0084765,0.03558528428093652
1733242401.0977168,0.015167224080267517
1733242401.1785104,-0.011864548494983324
1733242401.2675362,-0.04058528428093652
1733242401.3532672,-0.06793478260869562
1733242401.4381926,-0.07540133779264209
1733242401.5246434,-0.07357023411371244
1733242401.617512,-0.07242474916387963
1733242401.7115157,-0.06960702341137122
1733242401.8127818,-0.06207357859531768
1733242401.9139872,-0.0536204013377926
1733242402.0206413,-0.04220735785953181
1733242402.1174264,-0.02729933110367895
1733242402.2200558,-0.008921404682274243
1733242402.316094,0.007792642140468189
1733242402.4091585,0.02838628762541802
1733242402.4978678,0.04340301003344479
1733242402.5988793,0.0650501672240803
1733242402.6886938,0.05
1733242402.7774265,0.0238795986622074
1733242402.8700268,0.006596989966555214
1733242402.957076,-0.020050167224080297
1733242403.0493755,-0.0486204013377926
1733242403.1333497,-0.07790133779264209
1733242403.2152452,-0.07467391304347828
1733242403.301206,-0.07070234113712374
1733242403.3921988,-0.06817725752508366
1733242403.4800906,-0.06702341137123753
1733242403.586404,-0.061864548494983324
1733242403.6781566,-0.05222408026755858
1733242403.7805965,-0.040986622073578616
1733242403.880731,-0.028561872909698992
1733242403.9793222,-0.009790969899665498
1733242404.071566,0.008678929765886351
1733242404.1645768,0.019280936454849497
1733242404.2515888,0.03653010033444815
1733242404.3456142,0.050418060200668864
1733242404.4291499,0.029130434782608745
1733242404.519334,0.011563545150501682
1733242404.6167433,-0.006964882943143778
1733242404.7023757,-0.0322909698996655
1733242404.7900317,-0.06359531772575253
1733242404.874754,-0.07828595317725756
1733242404.9612942,-0.07529264214046819
1733242405.0487845,-0.07182274247491634
1733242405.1371572,-0.06923913043478265
1733242405.2383764,-0.06514214046822744
1733242405.3463314,-0.057901337792642095
1733242405.4502602,-0.04949832775919731
1733242405.547099,-0.035744147157190584
1733242405.647878,-0.020025083612040077
1733242405.7451682,0.0026254180602006726
1733242405.8412695,0.02379598662207357
1733242405.9317002,0.04189799331103686
1733242406.0278482,0.07067725752508366
1733242406.1088367,0.05173913043478265
1733242406.2024686,0.019841137123745797
1733242406.2975032,-0.0004431438127090814
1733242406.392322,-0.032976588628762474
1733242406.4838755,-0.05938127090301009
1733242406.5695684,-0.0798411371237458
1733242406.64987,-0.07794314381270909
1733242406.736648,-0.07514214046822744
1733242406.8272915,-0.07209030100334445
1733242406.9275599,-0.06933110367892979
1733242407.0416913,-0.05893812709030101
1733242407.1531205,-0.044807692307692264
1733242407.2520592,-0.025693979933110428
1733242407.3523452,-0.004214046822742432
1733242407.4482276,0.014874581939799326
1733242407.5437853,0.035802675585284334
1733242407.6319633,0.05340301003344479
1733242407.7252371,0.073010033444816
1733242407.8230734,0.09440635451505017
1733242407.923619,0.06927257525083619
1733242408.0177846,0.022157190635451515
1733242408.1096878,-0.019113712374581978
1733242408.204448,-0.048436454849498316
1733242408.2950387,-0.06874581939799328
1733242408.3814197,-0.07380434782608702
1733242408.4722776,-0.07162207357859529
1733242408.5606673,-0.06504180602006684
1733242408.6586483,-0.05724916387959866
1733242408.768608,-0.04673913043478265
1733242408.8834906,-0.032683946488294285
1733242408.9851565,-0.018745819397993274
1733242409.0911818,-0.0030100334448160027
1733242409.200205,0.01191471571906348
1733242409.3049638,0.03091137123745824
1733242409.3975196,0.04354515050167222
1733242409.492099,0.05818561872909697
1733242409.5834157,0.07820234113712374
1733242409.6795774,0.08293478260869563
1733242409.7810557,0.04345317725752509
1733242409.8809838,0.009724080267558577
1733242409.975752,-0.0193896321070234
1733242410.0747526,-0.040551839464882986
1733242410.168165,-0.05273411371237458
1733242410.2577827,-0.0481103678929766
1733242410.3479583,-0.042508361204013315
1733242410.4489963,-0.03656354515050168
1733242410.5421288,-0.02944816053511701
1733242410.6410189,-0.02224080267558534
1733242410.7328672,-0.010117056856187362
1733242410.8274455,0.00024247491638789142
1733242410.921703,0.014080267558528448
1733242411.0154622,0.031036789297658914
1733242411.1051502,0.04061872909698991
1733242411.20544,0.0525
1733242411.284412,0.06964046822742474
1733242411.3727188,0.09074414715719058
1733242411.4700692,0.06813545150501668
1733242411.5631397,0.045719063545150505
1733242411.6592152,0.024924749163879625
1733242411.7541814,0.010936454849498319
1733242411.8621564,-0.0010200668896321475
1733242411.9512691,-0.0028428093645484864
1733242412.0406463,-0.00403010033444815
1733242412.1267858,-0.005209030100334502
1733242412.2123873,-0.006613712374581979
1733242412.3024757,-0.00835284280936449
1733242412.3911166,-0.01058528428093652
1733242412.4786882,-0.013511705685618693
1733242412.5685134,-0.015468227424749159
1733242412.6567461,-0.016103678929765834
1733242412.7443583,-0.015125418060200672
1733242412.827818,-0.012031772575250841
1733242412.9147737,-0.0055602006688963
1733242413.004667,0.0
1733242413.0914485,0.0
1733242413.1774504,0.0
1733242413.2622566,0.0
1733242413.3478093,0.0
1733242413.442458,2.5083612040077697e-05
1733242413.532445,-0.001722408026755886
1733242413.630406,-0.0005267558528427685
1733242413.7269416,-0.00014214046822743853
1733242413.8241792,0.0002508361204013454
1733242413.9150429,0.0005434782608695343
1733242414.0018606,8.361204013311863e-06
1733242414.0917983,0.00040133779264209577
1733242414.1799502,0.00023411371237457956
1733242414.2677598,-0.00021739130434781374
1733242414.3566377,5.852842809360936e-05
1733242414.442625,0.00024247491638789142
1733242414.5309234,9.197324414714103e-05
1733242414.6127813,0.0002508361204013454
1733242414.6996403,-5.852842809360936e-05
1733242414.7863758,-0.0006438127090301293
1733242414.8749075,-0.0005685618729097541
1733242414.9614213,-0.0006939799331104269
1733242415.0486329,-0.0009866220735786158
1733242415.1349456,-0.0009949832775919276
1733242415.230838,-0.000769230769230802
1733242415.3185341,-0.0010869565217390686
1733242415.4069245,-0.0011872909698996638
1733242415.4929929,-0.0009113712374582406
1733242415.5805151,-0.0009030100334447865
1733242415.6660717,-0.0011371237458193662
1733242415.7523866,-0.0013043478260870245
1733242415.838114,-0.0013294314381271021
1733242415.9270425,-0.0011036789297658345
1733242416.0148585,-0.0015719063545149936
1733242416.103536,-0.0014966555183946184
1733242416.202015,-0.0014715719063545408
1733242416.294913,-0.0015719063545149936
1733242416.3950658,-0.0016555183946488229
1733242416.4829593,-0.0016638795986622767
1733242416.575459,-0.001454849498327775
1733242416.6622543,-0.0016722408026755885
1733242416.7488804,-0.0014882943143813066
1733242416.8410168,-0.001831103678929793
1733242416.9323273,-0.0018143812709030271
1733242417.0229676,-0.0020401337792641527
1733242417.110573,-0.002132107023411436
1733242417.1955914,-0.0020401337792641527
1733242417.2816331,-0.0022491638795986545
1733242417.3651428,-0.002483277591973234
1733242417.4505856,-0.0022658862876254204
1733242417.5368986,-0.0022658862876254204
1733242417.6313574,-0.002775919732441423
1733242417.7152908,-0.00290969899665555
1733242417.805225,-0.002968227424749159
1733242417.9022934,-0.0028428093645484864
1733242417.9921114,-0.0033110367892976457
1733242418.07101,-0.0031856187290969728
1733242418.1599653,-0.002993311036789237
1733242418.2459073,-0.003678929765886352
1733242418.3308377,-0.003678929765886352
1733242418.4125905,-0.004397993311036856
1733242418.5010958,-0.004515050167224075
1733242418.5858612,-0.004657190635451514
1733242418.6707804,-0.004581939799331139
1733242418.7591968,-0.0048160535117057176
1733242418.8474214,-0.005526755852842768
1733242418.9323905,-0.005894648829431475
1733242419.0169005,-0.0059197324414715525
1733242419.100319,-0.006137123745819366
1733242419.1848683,-0.0073327759197324835
1733242419.2655952,-0.007809364548494954
1733242419.3482597,-0.008787625418060259
1733242419.4286675,-0.009531772575250841
1733242419.510739,-0.009874581939799327
1733242419.5990345,-0.011262541806020038
1733242419.6778028,-0.01238294314381264
1733242419.7571652,-0.0136204013377926
1733242419.8414676,-0.015334448160535174
1733242419.919502,-0.01721571906354512
1733242420.0015702,-0.02017558528428097
1733242420.085749,-0.023277591973244114
1733242420.1693544,-0.027859531772575254
1733242420.2524028,-0.029481605351170545
1733242420.3278227,-0.03040969899665555
1733242420.4028587,-0.031337792642140413
1733242420.4856899,-0.024632107023411436
1733242420.5657945,-0.015568561872909755
1733242420.6455739,-0.005852842809364489
1733242420.7285469,-0.005551839464882988
1733242420.8035507,0.005986622073578616
1733242420.8829277,0.016337792642140414
1733242420.9605258,0.031872909698996636
1733242421.0378363,0.048403010033444785
1733242421.115777,0.06475752508361211
1733242421.1939912,0.08312709030100336
1733242421.2888136,0.10064381270903013
1733242421.3647711,0.05856187290969899
1733242421.4548368,0.01265050167224075
1733242421.5369573,-0.026989966555183997
1733242421.6183612,-0.058035117056856225
1733242421.6986265,-0.07793478260869563
1733242421.7797608,-0.07800167224080269
1733242421.8576877,-0.07421404682274244
1733242421.954891,-0.0675
1733242422.0429106,-0.055225752508361266
1733242422.1331236,-0.038988294314381305
1733242422.2245684,-0.018871237458193947
1733242422.3151877,0.0006020066889631437
1733242422.3970613,0.014782608695652186
1733242422.475132,0.030275919732441422
1733242422.5685103,0.049657190635451515
1733242422.647428,0.06628762541806026
1733242422.7281058,0.08223244147157188
1733242422.8123205,0.10019230769230773
1733242422.893551,0.07669732441471566
1733242422.9780278,0.021722408026755888
1733242423.0647044,-0.023837792642140414
1733242423.1461978,-0.05773411371237458
1733242423.227197,-0.07474916387959865
1733242423.3104293,-0.07940635451505017
1733242423.3891492,-0.07637959866220739
1733242423.462237,-0.07219899665551836
1733242423.5422306,-0.0642307692307692
1733242423.6309187,-0.05087792642140471
1733242423.7130468,-0.03408862876254176
1733242423.7949352,-0.013963210702341087
1733242423.8799744,0.005158862876254205
1733242423.962128,0.020284280936454877
1733242424.0429454,0.036513377926421384
1733242424.1193633,0.05425585284280942
1733242424.198834,0.07107023411371244
1733242424.2767165,0.09419732441471566
1733242424.3640432,0.09333612040133772
1733242424.4500186,0.044113712374581976
1733242424.53874,-0.00020066889632104788
1733242424.6249344,-0.03958193979933114
1733242424.7161796,-0.06794314381270908
1733242424.7958755,-0.07848662207357862
1733242424.8756335,-0.07624581939799327
1733242424.9616213,-0.07206521739130438
1733242425.0467455,-0.06516722408026751
1733242425.1415336,-0.05295986622073585
1733242425.2255838,-0.03954849498327761
1733242425.312014,-0.01921404682274243
1733242425.4071593,0.0
1733242425.4938216,0.01662207357859529
1733242425.5783577,0.0324498327759197
1733242425.663903,0.049556856187290915
1733242425.7417326,0.058754180602006725
1733242425.821756,0.07496655518394647
1733242425.9051356,0.09773411371237457
1733242425.998126,0.061086956521739066
1733242426.085207,0.01718227424749159
1733242426.1678636,-0.023244147157190583
1733242426.2561417,-0.055526755852842766
1733242426.3412504,-0.07441471571906348
1733242426.429522,-0.07408862876254176
1733242426.5169268,-0.07184782608695656
1733242426.5976837,-0.06607023411371245
1733242426.6811702,-0.05737458193979933
1733242426.7660825,-0.04547658862876247
1733242426.859847,-0.029172240802675588
1733242426.9480624,-0.010484949832775925
1733242427.0433822,0.0071488294314380595
1733242427.128294,0.024933110367892936
1733242427.2119868,0.0461204013377926
1733242427.2958896,0.06158862876254176
1733242427.381154,0.07795986622073585
1733242427.471903,0.0932190635451505
1733242427.5642793,0.0648913043478261
1733242427.6487439,0.014832775919732484
1733242427.7429957,-0.02288461538461533
1733242427.8301535,-0.0527090301003345
1733242427.917321,-0.07116220735785958
1733242428.0025332,-0.0758528428093645
1733242428.088608,-0.0726588628762542
1733242428.173406,-0.06814381270903012
1733242428.2666168,-0.06368729096989967
1733242428.3574502,-0.0525501672240803
1733242428.4522667,-0.03834448160535118
1733242428.5494459,-0.02149665551839462
1733242428.6395292,-0.00464882943143806
1733242428.7285516,0.011747491638795965
1733242428.8182113,0.028361204013377942
1733242428.8978887,0.04619565217391298
1733242428.9877717,0.06214882943143806
1733242429.0739727,0.08687290969899664
1733242429.164094,0.08231605351170572
1733242429.2502341,0.053687290969899666
1733242429.3415856,0.012767558528428112
1733242429.4301956,-0.027926421404682315
1733242429.5288117,-0.06058528428093652
1733242429.618401,-0.0775501672240803
1733242429.7070038,-0.07410535117056853
1733242429.8034902,-0.0727424749163879
1733242429.90423,-0.06954013377926416
1733242430.007088,-0.0657107023411372
1733242430.1173613,-0.057600334448160595
1733242430.21906,-0.046923076923076935
1733242430.3201022,-0.03134615384615387
1733242430.4279659,-0.012859531772575252
1733242430.5274498,0.005978260869565162
1733242430.628236,0.02596989966555185
1733242430.7216847,0.03882107023411365
1733242430.8042862,0.05829431438127088
1733242430.8939116,0.07523411371237458
1733242430.9808333,0.0545986622073579
1733242431.0712588,0.029239130434782653
1733242431.1657038,0.00028428093645487706
1733242431.252016,-0.03359531772575252
1733242431.343333,-0.06676421404682273
1733242431.4343278,-0.07563545150501667
1733242431.524419,-0.07363712374581936
1733242431.6168706,-0.07006688963210707
1733242431.7079172,-0.06598662207357861
1733242431.800625,-0.058695652173912975
1733242431.8970015,-0.046989966555184
1733242431.9940476,-0.03245819397993316
1733242432.0933723,-0.014356187290969871
1733242432.1806035,0.007533444816053531
1733242432.2720537,0.030443143812709083
1733242432.3632753,0.053603678929765836
1733242432.450859,0.0760117056856187
1733242432.5328171,0.08831103678929765
1733242432.6240575,0.0662709030100335
1733242432.7126825,0.03194816053511701
1733242432.804697,0.0006605351170568952
1733242432.8951774,-0.03280100334448164
1733242432.985285,-0.05735785953177256
1733242433.067373,-0.07897993311036786
1733242433.1503537,-0.07627926421404681
1733242433.234788,-0.07474916387959865
1733242433.3330784,-0.06931438127090303
1733242433.4263136,-0.06165551839464882
1733242433.523127,-0.0513294314381271
1733242433.6153572,-0.03760869565217391
1733242433.717535,-0.01976588628762542
1733242433.8129168,-0.003336120401337723
1733242433.9162114,0.012558528428093609
1733242434.0052907,0.030259197324414656
1733242434.0925348,0.04740802675585286
1733242434.178923,0.06828595317725757
1733242434.2641904,0.07178929765886281
1733242434.3524866,0.048093645484949835
1733242434.4443521,0.021839464882943103
1733242434.5365074,-0.012750836120401345
1733242434.6286192,-0.0474498327759197
1733242434.7161,-0.07490802675585286
1733242434.813614,-0.07561872909698991
1733242434.8896427,-0.07365384615384613
1733242434.9798813,-0.07170568561872911
1733242435.075101,-0.06642140468227424
1733242435.178114,-0.060326086956521724
1733242435.2768183,-0.05010869565217391
1733242435.3769286,-0.03486622073578602
1733242435.4727387,-0.016839464882943106
1733242435.5642264,-0.000100334448160595
1733242435.6548972,0.018745819397993274
1733242435.7393656,0.03164715719063551
1733242435.8222723,0.03365384615384613
1733242435.9126742,0.03041806020066886
1733242436.0002444,0.008453177257525084
1733242436.0848653,-0.009740802675585343
1733242436.1679602,-0.02656354515050168
1733242436.2557673,-0.04367892976588635
1733242436.3396993,-0.06460702341137121
1733242436.4148748,-0.07957357859531769
1733242436.499262,-0.07725752508361211
1733242436.5814664,-0.07357023411371244
1733242436.6734023,-0.06866220735785959
1733242436.765255,-0.06141304347826093
1733242436.8698094,-0.05217391304347828
1733242436.9536512,-0.03713210702341144
1733242437.050862,-0.02047658862876247
1733242437.1396048,-0.0033779264214047087
1733242437.2320602,0.013536789297658914
1733242437.3114142,0.032215719063545124
1733242437.3962028,0.04784280936454849
1733242437.4790902,0.06733277591973248
1733242437.5693262,0.06989130434782609
1733242437.6441092,0.04712374581939798
1733242437.7269113,0.020267558528428112
1733242437.8186436,-0.016605351170568525
1733242437.908523,-0.04803511705685622
1733242438.0008264,-0.0743896321070234
1733242438.083436,-0.07602006688963214
1733242438.1658666,-0.07423913043478265
1733242438.256243,-0.07198160535117054
1733242438.3467066,-0.06675585284280942
1733242438.4415386,-0.057842809364548484
1733242438.533302,-0.047265886287625423
1733242438.618763,-0.03040969899665555
1733242438.7152636,-0.013737458193979962
1733242438.8032043,0.0038127090301003363
1733242438.8928442,0.02190635451505017
1733242438.980725,0.04074414715719058
1733242439.0617232,0.06138795986622071
1733242439.149662,0.07138795986622071
1733242439.236364,0.04600334448160538
1733242439.324078,0.018804347826087024
1733242439.4062943,-0.010919732441471552
1733242439.4914641,-0.03754180602006684
1733242439.5723345,-0.05974916387959865
1733242439.6657162,-0.07296822742474916
1733242439.7413218,-0.06818561872909697
1733242439.8201907,-0.06676421404682273
1733242439.9077697,-0.06728260869565218
1733242439.994523,-0.06493311036789294
1733242440.0809643,-0.06016722408026751
1733242440.1690428,-0.05066889632107021
1733242440.261957,-0.04005852842809361
1733242440.3472905,-0.027098662207357904
1733242440.4404044,-0.0080602006688963
1733242440.5309875,0.008168896321070207
1733242440.6238427,0.026103678929765835
1733242440.7129338,0.048403010033444785
1733242440.7956507,0.04754180602006684
1733242440.876653,0.024489966555183998
1733242440.9562578,0.009506688963210764
1733242441.040075,-0.015091973244147142
1733242441.1214538,-0.04242474916387962
1733242441.2011821,-0.07613712374581937
1733242441.2834544,-0.07573578595317727
1733242441.3618696,-0.07387123745819395
1733242441.446583,-0.0711705685618729
1733242441.5360773,-0.06797658862876248
1733242441.6282344,-0.06046822742474916
1733242441.7244847,-0.04981605351170572
1733242441.8223672,-0.03631270903010034
1733242441.9230318,-0.020259197324414658
1733242442.0240893,-0.004055183946488228
1733242442.1146576,0.013244147157190583
1733242442.2105613,0.02843645484949832
1733242442.2980056,0.04605351170568568
1733242442.3843858,0.0563795986622074
1733242442.468982,0.03658862876254176
1733242442.5727332,0.012107023411371216
1733242442.6500845,-0.0020903010033444503
1733242442.741344,-0.0258193979933111
1733242442.821026,-0.05825250836120403
1733242442.9098027,-0.07731605351170572
1733242442.9959738,-0.07346989966555185
1733242443.0835612,-0.07190635451505017
1733242443.1810453,-0.06982441471571903
1733242443.283912,-0.06517558528428097
1733242443.3919616,-0.05650501672240807
1733242443.4906611,-0.04549331103678924
1733242443.585388,-0.03217391304347828
1733242443.6896007,-0.013102006688963143
1733242443.7938201,0.005334448160535175
1733242443.8895955,0.025710702341137193
1733242443.9815323,0.04232441471571903
1733242444.0691643,0.06404682274247492
1733242444.1618598,0.04392140468227424
1733242444.2586575,0.01688127090301009
1733242444.3486104,-0.002382943143812639
1733242444.4425602,-0.02885451505016718
1733242444.532913,-0.048570234113712446
1733242444.6253564,-0.06482441471571904
1733242444.7140474,-0.05838628762541802
1733242444.8111396,-0.0561705685618729
1733242444.902641,-0.056312709030100334
1733242445.0073493,-0.05724916387959866
1733242445.0987115,-0.055928093645485004
1733242445.1944995,-0.05425585284280942
1733242445.2978897,-0.04832775919732441
1733242445.4133615,-0.04040969899665555
1733242445.5134184,-0.03461538461538467
1733242445.6224463,-0.02808528428093652
1733242445.7258606,-0.020685618729096973
1733242445.8314803,-0.012257525083612109
1733242445.929301,-0.000760869565217348
1733242446.026636,-0.009832775919732483
1733242446.1230073,-0.022015050167224076
1733242446.2189286,-0.033812709030100335
1733242446.321156,-0.048478260869565165
1733242446.42575,-0.06491638795986616
1733242446.5306787,-0.06989130434782609
1733242446.643405,-0.0686204013377926
1733242446.7424777,-0.06984113712374579
1733242446.841946,-0.06850334448160539
1733242446.9474752,-0.06614548494983281
1733242447.0533879,-0.057901337792642095
1733242447.164246,-0.04777591973244142
1733242447.2821765,-0.03656354515050168
1733242447.392395,-0.020986622073578615
1733242447.5080116,-0.003369565217391255
1733242447.6101735,0.011454849498327774
1733242447.7184668,0.02502508361204008
1733242447.8197773,0.04357859531772576
1733242447.9194977,0.043035117056856226
1733242448.0291877,0.018637123745819367
1733242448.1253934,-0.0033946488294314746
1733242448.2345572,-0.02906354515050168
1733242448.341787,-0.05227424749163873
1733242448.4449203,-0.0798411371237458
1733242448.5418715,-0.07719899665551835
1733242448.6542366,-0.07547658862876247
1733242448.7586792,-0.07306856187290975
1733242448.867073,-0.0688879598662207
1733242448.9834473,-0.06199832775919731
1733242449.1015048,-0.04994147157190639
1733242449.2185602,-0.03438127090301009
1733242449.3316033,-0.015401337792642095
1733242449.44711,0.004531772575250841
1733242449.5677779,0.024423076923076933
1733242449.6762342,0.041329431438127104
1733242449.7781813,0.06097826086956516
1733242449.8860745,0.07669732441471566
1733242449.9971051,0.050535117056856226
1733242450.1035664,0.01017558528428097
1733242450.216629,-0.029272575250836184
1733242450.3279157,-0.05526755852842811
1733242450.4383519,-0.07282608695652172
1733242450.5430996,-0.07864548494983283
1733242450.6465273,-0.07724916387959865
1733242450.756768,-0.07540133779264209
1733242450.8702502,-0.06862876254180605
1733242450.9856193,-0.05531772575250841
1733242451.1006372,-0.03864548494983282
1733242451.2164927,-0.01861204013377929
1733242451.3318825,0.0015886287625417595
1733242451.4564111,0.01773411371237458
1733242451.5636225,0.03608695652173907
1733242451.6703436,0.05339464882943148
1733242451.784946,0.06972408026755858
1733242451.8880525,0.08862876254180606
1733242452.000104,0.0845986622073579
1733242452.1067963,0.02964046822742475
1733242452.2202563,-0.015961538461538395
1733242452.3345132,-0.04819397993311043
1733242452.4374814,-0.0675501672240803
1733242452.5405579,-0.07975752508361211
1733242452.6457553,-0.07680602006688958
1733242452.7572505,-0.07132107023411365
1733242452.8716788,-0.0592307692307692
1733242452.9824605,-0.04230769230769226
1733242453.092339,-0.023779264214046806
1733242453.1966093,-0.0034782608695651616
1733242453.3125236,0.015284280936454876
1733242453.4222965,0.031538461538461605
1733242453.529183,0.046479933110367855
1733242453.637119,0.06532608695652171
1733242453.7456715,0.08912207357859529
1733242453.8543067,0.10722408026755857
1733242453.965944,0.10713210702341143
1733242454.0739472,0.06463210702341143
1733242454.1842284,0.006279264214046804
1733242454.2961347,-0.03599498327759193
1733242454.4103491,-0.06178093645484949
1733242454.5112865,-0.07827759197324412
1733242454.6158803,-0.07797658862876247
1733242454.7228427,-0.07458193979933114
1733242454.832926,-0.06838628762541803
1733242454.9365325,-0.05606187290969899
1733242455.0489874,-0.037474916387959925
1733242455.1638522,-0.017341137123745794
1733242455.2748215,-0.00030936454849495477
1733242455.3852603,0.014506688963210763
